id_achat,client_id,date_achat,montant_achat,produit
1,1,2024-12-19,643.03,Laptop
2,2,2023-02-15,744.13,Headphones
3,3,2023-11-16,230.98,Phone
4,4,2023-09-20,679.93,Speaker
5,5,2025-04-04,96.07,Mouse
6,6,2025-01-28,41.46,Phone
7,7,2025-09-21,226.45,Speaker
8,8,2023-04-24,606.0,Speaker
9,9,2024-04-25,206.85,Speaker
10,10,2023-02-20,425.32,Webcam
11,11,2023-09-15,593.37,Laptop
12,12,2024-07-25,761.22,Tablet
13,13,2023-02-17,701.16,Keyboard
14,14,2023-08-24,285.09,Headphones
15,15,2024-12-30,957.64,Keyboard
16,16,2024-09-06,111.19,Mouse
17,17,2023-09-17,105.75,Keyboard
18,18,2024-10-25,607.69,Laptop
19,19,2025-06-23,732.43,Speaker
20,20,2023-01-26,133.58,Mouse
21,21,2025-06-19,88.01,Monitor
22,22,2025-02-21,831.11,Charger
23,23,2024-01-26,886.6,Keyboard
24,24,2023-07-08,581.58,Phone
25,25,2025-12-02,55.37,Headphones
26,26,2024-01-22,775.34,Phone
27,27,2023-04-30,856.76,Phone
28,28,2023-05-04,386.32,Webcam
29,29,2025-08-04,639.33,Keyboard
30,30,2024-11-10,171.03,Keyboard
31,31,2025-06-20,217.41,Monitor
32,32,2025-03-28,704.8,Phone
33,33,2024-08-28,613.04,Tablet
34,34,2025-12-19,538.8,Headphones
35,35,2024-03-08,171.77,Mouse
36,36,2024-09-14,277.25,Speaker
37,37,2025-07-15,227.42,Keyboard
38,38,2024-11-26,844.42,Laptop
39,39,2025-08-19,236.76,Laptop
40,40,2024-10-12,807.0,Mouse
41,41,2025-02-28,275.06,Headphones
42,42,2023-03-10,914.0,Charger
43,43,2023-09-25,877.6,Keyboard
44,44,2023-12-01,220.5,Webcam
45,45,2023-04-16,401.68,Webcam
46,46,2023-09-30,151.44,Tablet
47,47,2023-05-09,254.16,Speaker
48,48,2023-11-19,543.59,Charger
49,49,2024-12-15,434.15,Charger
50,50,2024-02-22,405.41,Headphones
51,51,2024-02-28,997.35,Tablet
52,52,2023-09-05,514.43,Phone
53,53,2023-11-07,758.22,Phone
54,54,2025-11-09,161.31,Tablet
55,55,2024-12-28,794.16,Mouse
56,56,2024-11-15,600.44,Mouse
57,57,2023-07-25,387.8,Webcam
58,58,2025-03-27,533.82,Speaker
59,59,2023-07-16,862.17,Laptop
60,60,2024-03-09,683.48,Phone
61,61,2026-01-06,684.89,Speaker
62,62,2024-12-19,753.37,Keyboard
63,63,2024-09-19,120.44,Mouse
64,64,2025-02-06,166.58,Laptop
65,65,2025-07-29,954.28,Monitor
66,66,2025-05-17,972.17,Tablet
67,67,2023-09-26,512.6,Phone
68,68,2023-02-23,871.81,Monitor
69,69,2023-12-30,843.25,Speaker
70,70,2023-11-08,612.88,Tablet
71,71,2023-09-07,380.17,Tablet
72,72,2025-11-16,543.99,Speaker
73,73,2025-09-04,919.31,Charger
74,74,2023-12-29,330.91,Laptop
75,75,2025-01-05,120.75,Keyboard
76,76,2024-03-27,879.93,Monitor
77,77,2025-10-16,247.06,Headphones
78,78,2024-06-04,879.23,Phone
79,79,2023-11-05,94.8,Webcam
80,80,2023-10-16,817.86,Speaker
81,81,2024-09-24,768.18,Tablet
82,82,2023-11-02,663.15,Speaker
83,83,2024-10-20,173.48,Speaker
84,84,2025-09-28,873.71,Mouse
85,85,2024-03-31,964.72,Speaker
86,86,2023-09-16,757.71,Headphones
87,87,2026-01-15,715.82,Mouse
88,88,2024-07-29,995.2,Keyboard
89,89,2023-04-28,443.72,Speaker
90,90,2023-03-11,456.97,Headphones
91,91,2023-05-19,232.45,Keyboard
92,92,2024-12-06,30.82,Speaker
93,93,2025-06-04,237.81,Headphones
94,94,2024-04-25,17.12,Laptop
95,95,2023-03-29,236.65,Laptop
96,96,2024-03-11,861.04,Phone
97,97,2026-01-13,519.01,Monitor
98,98,2024-08-20,672.29,Headphones
99,99,2025-12-17,543.84,Charger
100,100,2025-08-18,580.45,Headphones
101,101,2023-01-31,786.77,Mouse
102,102,2025-03-18,198.51,Phone
103,103,2025-02-03,662.39,Keyboard
104,104,2024-08-28,429.34,Webcam
105,105,2023-11-07,865.2,Laptop
106,106,2024-12-20,676.63,Phone
107,107,2023-05-21,70.01,Keyboard
108,108,2024-05-09,802.59,Phone
109,109,2024-05-29,256.17,Headphones
110,110,2025-11-28,540.92,Tablet
111,111,2025-09-04,427.66,Monitor
112,112,2023-11-03,468.0,Phone
113,113,2024-07-20,448.7,Speaker
114,114,2023-08-02,106.93,Speaker
115,115,2025-10-14,837.67,Phone
116,116,2025-08-29,927.1,Headphones
117,117,2023-12-11,174.65,Webcam
118,118,2024-12-18,486.54,Mouse
119,119,2024-11-15,903.42,Tablet
120,120,2023-07-05,385.18,Mouse
121,121,2025-05-02,272.55,Webcam
122,122,2024-08-31,292.4,Speaker
123,123,2025-05-20,665.25,Webcam
124,124,2024-08-21,163.25,Monitor
125,125,2023-01-19,225.52,Laptop
126,126,2024-01-08,583.39,Speaker
127,127,2023-02-09,70.35,Keyboard
128,128,2025-11-01,66.59,Charger
129,129,2025-09-07,482.02,Speaker
130,130,2025-07-17,165.86,Speaker
131,131,2023-12-21,89.31,Tablet
132,132,2023-03-23,77.84,Phone
133,133,2025-09-06,678.46,Headphones
134,134,2025-11-20,409.74,Charger
135,135,2023-04-22,253.75,Charger
136,136,2024-07-04,49.34,Phone
137,137,2023-04-04,425.03,Charger
138,138,2025-04-30,569.57,Keyboard
139,139,2025-05-06,935.36,Headphones
140,140,2023-06-08,673.03,Keyboard
141,141,2024-06-22,246.3,Mouse
142,142,2024-09-12,139.57,Monitor
143,143,2023-11-05,462.65,Phone
144,144,2025-08-31,19.22,Charger
145,145,2024-04-26,998.47,Phone
146,146,2023-09-07,82.53,Headphones
147,147,2024-08-31,510.83,Tablet
148,148,2025-03-28,933.93,Phone
149,149,2023-08-27,880.48,Keyboard
150,150,2023-12-26,292.14,Webcam
151,151,2026-01-12,835.41,Monitor
152,152,2024-12-30,615.56,Speaker
153,153,2024-05-12,17.74,Speaker
154,154,2024-08-07,306.38,Phone
155,155,2023-05-31,939.54,Tablet
156,156,2023-09-22,271.82,Phone
157,157,2024-01-24,744.99,Tablet
158,158,2024-10-24,279.62,Charger
159,159,2023-09-27,218.52,Keyboard
160,160,2023-09-17,211.56,Monitor
161,161,2023-04-06,510.35,Monitor
162,162,2024-12-10,906.28,Laptop
163,163,2023-09-26,101.38,Mouse
164,164,2025-10-06,831.05,Laptop
165,165,2025-08-17,13.51,Tablet
166,166,2023-04-06,640.74,Monitor
167,167,2023-10-06,169.97,Webcam
168,168,2025-01-20,556.16,Mouse
169,169,2023-09-10,565.3,Phone
170,170,2023-06-12,84.49,Tablet
171,171,2025-11-08,550.13,Keyboard
172,172,2024-10-05,586.68,Tablet
173,173,2024-06-19,435.49,Laptop
174,174,2025-05-27,315.18,Laptop
175,175,2025-06-21,899.94,Headphones
176,176,2023-08-15,685.25,Phone
177,177,2023-05-05,360.14,Speaker
178,178,2024-05-05,885.29,Mouse
179,179,2024-04-26,974.1,Tablet
180,180,2024-06-13,926.51,Headphones
181,181,2025-03-27,865.96,Tablet
182,182,2025-01-25,882.6,Laptop
183,183,2025-12-31,187.57,Keyboard
184,184,2023-05-06,784.56,Mouse
185,185,2024-04-03,804.21,Headphones
186,186,2024-01-25,274.14,Phone
187,187,2025-08-19,388.72,Laptop
188,188,2023-10-18,860.01,Headphones
189,189,2023-08-15,207.58,Webcam
190,190,2024-05-24,356.16,Headphones
191,191,2024-04-24,230.69,Headphones
192,192,2023-11-20,404.48,Monitor
193,193,2023-10-19,865.71,Monitor
194,194,2025-10-25,357.63,Speaker
195,195,2024-05-18,405.68,Speaker
196,196,2025-08-19,337.84,Laptop
197,197,2024-09-12,124.19,Monitor
198,198,2023-03-15,186.78,Monitor
199,199,2026-01-17,47.87,Charger
200,200,2025-07-22,440.22,Keyboard
201,201,2025-12-15,442.03,Speaker
202,202,2025-10-29,124.49,Charger
203,203,2025-08-05,198.18,Laptop
204,204,2023-07-20,711.7,Laptop
205,205,2024-07-03,524.72,Speaker
206,206,2023-09-10,689.99,Headphones
207,207,2024-04-02,370.58,Phone
208,208,2023-03-24,949.39,Keyboard
209,209,2024-03-08,626.92,Phone
210,210,2026-01-01,722.56,Monitor
211,211,2023-11-05,512.05,Mouse
212,212,2025-05-26,332.92,Monitor
213,213,2024-05-31,558.87,Headphones
214,214,2024-04-26,426.24,Mouse
215,215,2025-12-02,680.54,Tablet
216,216,2026-01-12,619.36,Monitor
217,217,2024-09-18,412.01,Laptop
218,218,2025-03-15,310.84,Headphones
219,219,2023-07-07,435.59,Charger
220,220,2023-12-09,610.59,Keyboard
221,221,2025-12-14,470.34,Webcam
222,222,2024-10-14,678.87,Speaker
223,223,2024-09-03,478.45,Tablet
224,224,2025-04-17,662.26,Monitor
225,225,2023-03-22,520.3,Charger
226,226,2024-10-19,341.84,Headphones
227,227,2024-07-22,676.07,Headphones
228,228,2025-08-09,808.5,Tablet
229,229,2023-07-10,34.18,Headphones
230,230,2025-12-06,984.1,Charger
231,231,2023-04-16,851.24,Phone
232,232,2023-08-10,460.86,Charger
233,233,2024-10-31,202.49,Mouse
234,234,2025-01-27,499.43,Headphones
235,235,2023-10-03,156.1,Laptop
236,236,2023-05-30,893.73,Phone
237,237,2025-09-19,780.64,Headphones
238,238,2023-10-15,184.13,Speaker
239,239,2024-10-30,469.9,Speaker
240,240,2024-11-27,256.71,Phone
241,241,2024-04-22,461.9,Webcam
242,242,2024-10-19,670.9,Speaker
243,243,2024-08-13,599.5,Webcam
244,244,2025-11-07,616.53,Speaker
245,245,2023-08-30,432.47,Speaker
246,246,2025-03-13,451.45,Tablet
247,247,2023-10-07,746.22,Webcam
248,248,2024-03-27,455.57,Headphones
249,249,2025-01-23,841.46,Monitor
250,250,2023-12-13,768.16,Speaker
251,251,2023-12-31,489.75,Headphones
252,252,2025-04-21,281.85,Phone
253,253,2023-04-08,716.41,Headphones
254,254,2024-06-03,279.0,Keyboard
255,255,2026-01-16,894.1,Phone
256,256,2026-01-13,146.99,Headphones
257,257,2023-04-09,389.2,Tablet
258,258,2023-09-09,709.35,Phone
259,259,2023-11-05,420.72,Keyboard
260,260,2025-11-05,547.19,Mouse
261,261,2025-09-09,71.64,Mouse
262,262,2025-09-07,395.58,Charger
263,263,2024-02-27,946.6,Laptop
264,264,2023-07-10,858.16,Charger
265,265,2025-07-19,386.58,Laptop
266,266,2025-02-27,943.31,Monitor
267,267,2024-11-18,755.94,Mouse
268,268,2026-01-04,542.84,Speaker
269,269,2025-01-04,801.87,Headphones
270,270,2023-01-27,493.35,Monitor
271,271,2025-07-01,441.48,Laptop
272,272,2023-12-12,394.97,Mouse
273,273,2025-01-14,726.94,Webcam
274,274,2025-11-12,920.35,Charger
275,275,2023-06-15,538.78,Mouse
276,276,2023-05-25,595.97,Laptop
277,277,2023-05-16,93.11,Mouse
278,278,2024-09-15,144.34,Webcam
279,279,2023-11-13,189.91,Monitor
280,280,2024-11-11,385.31,Headphones
281,281,2025-03-14,460.15,Keyboard
282,282,2023-08-29,763.62,Mouse
283,283,2024-12-13,285.47,Mouse
284,284,2023-11-04,259.75,Phone
285,285,2024-07-06,475.6,Speaker
286,286,2025-10-06,61.56,Keyboard
287,287,2025-08-02,231.98,Phone
288,288,2023-04-30,783.42,Laptop
289,289,2024-04-26,756.69,Headphones
290,290,2023-11-17,207.37,Laptop
291,291,2023-01-22,625.12,Headphones
292,292,2025-05-12,134.96,Phone
293,293,2024-12-16,568.33,Headphones
294,294,2023-11-01,470.38,Monitor
295,295,2025-04-09,769.23,Tablet
296,296,2024-09-14,609.83,Phone
297,297,2024-05-01,780.01,Tablet
298,298,2023-01-29,965.07,Phone
299,299,2023-04-11,582.9,Monitor
300,300,2025-09-12,580.04,Mouse
301,301,2025-10-04,402.69,Headphones
302,302,2024-09-07,85.24,Headphones
303,303,2025-07-20,110.88,Monitor
304,304,2024-10-17,851.79,Charger
305,305,2023-06-30,807.47,Charger
306,306,2023-06-07,784.81,Keyboard
307,307,2023-12-22,537.42,Keyboard
308,308,2025-09-29,78.27,Keyboard
309,309,2025-06-08,22.53,Mouse
310,310,2025-08-18,824.11,Phone
311,311,2025-09-29,439.19,Keyboard
312,312,2023-09-06,639.23,Webcam
313,313,2023-10-19,710.24,Mouse
314,314,2023-05-11,184.38,Speaker
315,315,2025-05-22,965.82,Monitor
316,316,2025-09-13,619.75,Speaker
317,317,2024-04-07,776.9,Webcam
318,318,2024-11-28,441.22,Charger
319,319,2023-07-07,275.71,Headphones
320,320,2025-11-02,832.42,Phone
321,321,2025-08-22,286.14,Webcam
322,322,2025-12-22,251.42,Webcam
323,323,2025-06-24,574.15,Mouse
324,324,2025-09-10,343.03,Webcam
325,325,2023-02-15,852.44,Tablet
326,326,2025-04-04,492.67,Keyboard
327,327,2024-01-17,799.85,Keyboard
328,328,2025-11-03,286.86,Charger
329,329,2025-06-15,704.17,Monitor
330,330,2025-08-22,560.23,Speaker
331,331,2025-06-24,948.58,Phone
332,332,2023-11-07,248.94,Mouse
333,333,2025-05-30,493.69,Headphones
334,334,2023-05-17,693.7,Webcam
335,335,2025-08-31,453.69,Laptop
336,336,2025-08-16,102.12,Headphones
337,337,2023-09-19,410.36,Headphones
338,338,2025-07-01,313.14,Charger
339,339,2024-06-06,375.33,Speaker
340,340,2023-12-19,535.61,Mouse
341,341,2025-06-07,996.67,Speaker
342,342,2023-09-25,337.48,Webcam
343,343,2023-02-13,278.21,Monitor
344,344,2023-08-18,238.23,Headphones
345,345,2024-01-13,322.39,Speaker
346,346,2025-08-22,951.37,Tablet
347,347,2025-12-12,199.63,Webcam
348,348,2023-11-20,283.73,Charger
349,349,2024-12-21,976.84,Speaker
350,350,2024-03-31,600.82,Phone
351,351,2025-12-28,834.3,Monitor
352,352,2024-08-28,235.21,Tablet
353,353,2025-11-12,309.24,Speaker
354,354,2023-05-25,135.32,Laptop
355,355,2025-12-16,974.55,Speaker
356,356,2023-08-02,299.22,Tablet
357,357,2025-12-07,641.49,Webcam
358,358,2023-11-05,111.56,Laptop
359,359,2023-05-17,578.32,Webcam
360,360,2024-05-08,483.93,Keyboard
361,361,2025-03-26,192.52,Laptop
362,362,2023-12-28,259.95,Webcam
363,363,2024-11-12,122.95,Phone
364,364,2024-08-01,406.7,Phone
365,365,2024-03-15,581.25,Laptop
366,366,2024-10-11,160.21,Charger
367,367,2023-10-24,949.63,Phone
368,368,2025-03-05,993.98,Phone
369,369,2023-01-20,562.49,Mouse
370,370,2025-10-28,610.25,Charger
371,371,2024-08-30,233.43,Speaker
372,372,2025-03-16,386.57,Webcam
373,373,2025-04-10,304.38,Charger
374,374,2025-01-22,990.13,Monitor
375,375,2024-02-21,572.94,Laptop
376,376,2023-04-05,613.53,Phone
377,377,2025-01-15,948.11,Headphones
378,378,2024-01-15,629.26,Monitor
379,379,2023-12-28,663.82,Tablet
380,380,2025-08-04,247.47,Speaker
381,381,2025-03-17,84.31,Laptop
382,382,2023-12-13,414.43,Charger
383,383,2023-12-23,475.21,Laptop
384,384,2024-04-10,239.16,Monitor
385,385,2024-04-03,705.96,Webcam
386,386,2023-12-08,80.47,Headphones
387,387,2023-06-07,924.67,Charger
388,388,2024-04-23,664.57,Headphones
389,389,2025-11-13,430.89,Speaker
390,390,2025-01-29,232.56,Tablet
391,391,2025-10-03,909.33,Tablet
392,392,2024-11-22,80.7,Tablet
393,393,2023-12-14,794.7,Charger
394,394,2024-09-09,751.47,Charger
395,395,2023-01-19,921.98,Webcam
396,396,2023-11-29,133.11,Monitor
397,397,2024-05-03,702.74,Monitor
398,398,2024-10-15,505.47,Webcam
399,399,2025-01-04,443.38,Charger
400,400,2024-06-11,49.46,Mouse
401,401,2024-05-17,737.19,Charger
402,402,2023-09-10,257.86,Phone
403,403,2024-06-20,236.64,Charger
404,404,2025-10-01,591.25,Laptop
405,405,2025-06-08,999.58,Monitor
406,406,2023-07-23,580.48,Tablet
407,407,2023-04-21,475.8,Webcam
408,408,2024-08-05,916.91,Tablet
409,409,2024-12-12,996.98,Mouse
410,410,2024-01-21,638.44,Webcam
411,411,2025-07-03,969.36,Webcam
412,412,2025-04-20,354.48,Keyboard
413,413,2025-01-24,327.85,Phone
414,414,2023-09-21,859.16,Keyboard
415,415,2023-08-25,417.53,Webcam
416,416,2023-02-14,295.34,Mouse
417,417,2023-10-14,815.43,Speaker
418,418,2024-06-22,46.33,Phone
419,419,2025-08-06,321.37,Keyboard
420,420,2023-04-08,124.76,Mouse
421,421,2024-04-16,866.26,Laptop
422,422,2024-12-08,661.08,Speaker
423,423,2023-08-19,467.36,Laptop
424,424,2025-02-19,195.71,Keyboard
425,425,2024-07-13,626.41,Webcam
426,426,2023-10-13,629.15,Laptop
427,427,2025-01-06,211.52,Speaker
428,428,2023-01-25,139.7,Monitor
429,429,2025-04-20,443.73,Webcam
430,430,2025-05-11,130.21,Charger
431,431,2023-05-15,801.32,Tablet
432,432,2024-04-28,317.64,Laptop
433,433,2023-07-30,556.73,Phone
434,434,2025-12-02,232.45,Phone
435,435,2024-08-08,466.83,Phone
436,436,2023-03-14,651.23,Tablet
437,437,2023-10-18,503.39,Monitor
438,438,2025-08-04,513.78,Monitor
439,439,2024-06-01,421.34,Webcam
440,440,2025-06-14,980.44,Headphones
441,441,2025-01-18,462.22,Tablet
442,442,2026-01-04,389.75,Charger
443,443,2024-11-01,513.16,Tablet
444,444,2025-11-24,865.39,Monitor
445,445,2025-09-21,774.95,Mouse
446,446,2024-11-19,346.48,Speaker
447,447,2025-03-16,274.5,Laptop
448,448,2024-07-24,290.01,Monitor
449,449,2025-07-16,839.1,Charger
450,450,2024-09-09,998.91,Webcam
451,451,2025-09-27,866.61,Webcam
452,452,2025-04-12,543.19,Keyboard
453,453,2024-06-21,339.12,Speaker
454,454,2023-10-29,383.44,Keyboard
455,455,2023-10-16,870.91,Headphones
456,456,2024-12-17,576.08,Headphones
457,457,2025-05-06,857.45,Mouse
458,458,2024-08-11,53.21,Webcam
459,459,2024-12-05,708.18,Mouse
460,460,2023-11-15,392.22,Tablet
461,461,2023-04-13,500.38,Laptop
462,462,2023-11-27,134.98,Charger
463,463,2023-11-12,338.67,Phone
464,464,2024-01-04,875.45,Webcam
465,465,2024-09-01,108.71,Webcam
466,466,2023-06-19,25.19,Tablet
467,467,2023-09-29,415.88,Tablet
468,468,2025-02-16,84.08,Monitor
469,469,2025-03-02,345.18,Mouse
470,470,2023-03-30,653.34,Keyboard
471,471,2024-04-09,853.82,Speaker
472,472,2024-09-04,386.21,Keyboard
473,473,2024-04-18,630.53,Webcam
474,474,2023-09-02,873.66,Laptop
475,475,2024-04-23,621.28,Headphones
476,476,2025-10-05,634.85,Monitor
477,477,2024-10-19,997.45,Phone
478,478,2025-02-18,439.63,Phone
479,479,2025-08-14,762.77,Phone
480,480,2025-05-06,449.24,Monitor
481,481,2024-03-10,904.39,Laptop
482,482,2023-01-25,331.13,Laptop
483,483,2024-02-08,300.43,Keyboard
484,484,2025-04-23,436.38,Headphones
485,485,2025-08-10,535.85,Charger
486,486,2025-11-28,684.98,Tablet
487,487,2024-04-21,178.28,Phone
488,488,2025-04-16,613.4,Mouse
489,489,2024-09-08,623.51,Headphones
490,490,2024-11-09,502.69,Charger
491,491,2023-09-17,151.69,Webcam
492,492,2023-09-16,641.53,Webcam
493,493,2024-05-10,262.77,Laptop
494,494,2023-02-19,899.92,Webcam
495,495,2024-01-22,902.2,Speaker
496,496,2025-01-31,166.4,Webcam
497,497,2024-04-05,945.78,Charger
498,498,2023-07-18,306.16,Mouse
499,499,2024-06-13,693.41,Webcam
500,500,2023-06-07,846.85,Headphones
501,501,2024-11-30,999.38,Webcam
502,502,2023-02-17,115.59,Mouse
503,503,2024-03-25,576.2,Charger
504,504,2024-09-28,302.91,Monitor
505,505,2023-02-17,31.72,Mouse
506,506,2024-12-22,281.74,Charger
507,507,2023-06-16,866.42,Laptop
508,508,2024-06-07,911.51,Webcam
509,509,2023-03-15,834.51,Monitor
510,510,2024-03-09,777.98,Headphones
511,511,2023-09-07,610.99,Keyboard
512,512,2024-01-11,226.81,Headphones
513,513,2025-05-01,624.68,Tablet
514,514,2024-03-09,631.97,Laptop
515,515,2025-04-21,315.84,Webcam
516,516,2025-07-17,43.03,Keyboard
517,517,2023-10-22,735.04,Phone
518,518,2023-04-18,910.53,Keyboard
519,519,2023-02-09,750.01,Tablet
520,520,2024-08-31,208.79,Speaker
521,521,2026-01-17,877.7,Keyboard
522,522,2024-02-06,535.54,Monitor
523,523,2024-12-30,832.17,Monitor
524,524,2025-05-23,914.91,Webcam
525,525,2025-01-01,967.71,Monitor
526,526,2025-04-23,749.09,Keyboard
527,527,2025-11-23,806.19,Webcam
528,528,2023-08-25,963.26,Tablet
529,529,2023-02-10,756.61,Headphones
530,530,2023-07-04,861.54,Mouse
531,531,2023-06-06,967.6,Speaker
532,532,2025-01-21,372.12,Mouse
533,533,2024-09-27,23.78,Speaker
534,534,2023-09-14,132.35,Keyboard
535,535,2025-02-22,676.1,Monitor
536,536,2025-05-07,588.71,Keyboard
537,537,2023-07-21,117.26,Headphones
538,538,2024-11-13,476.76,Charger
539,539,2025-04-16,885.39,Speaker
540,540,2023-05-24,334.73,Charger
541,541,2025-07-04,229.15,Phone
542,542,2025-12-10,639.05,Webcam
543,543,2023-05-17,910.29,Monitor
544,544,2023-02-16,652.75,Phone
545,545,2023-12-26,148.38,Laptop
546,546,2025-01-29,311.32,Webcam
547,547,2025-12-03,124.96,Headphones
548,548,2024-03-28,888.39,Tablet
549,549,2025-03-11,394.76,Keyboard
550,550,2023-04-12,673.78,Speaker
551,551,2025-02-13,424.94,Tablet
552,552,2024-12-05,886.56,Phone
553,553,2023-05-10,835.36,Charger
554,554,2025-05-13,414.03,Monitor
555,555,2025-08-07,42.39,Keyboard
556,556,2024-11-06,225.1,Webcam
557,557,2023-05-31,951.05,Keyboard
558,558,2025-12-31,108.36,Keyboard
559,559,2025-05-24,549.02,Keyboard
560,560,2024-02-03,69.94,Monitor
561,561,2024-05-02,197.91,Phone
562,562,2024-02-28,949.52,Webcam
563,563,2024-07-26,100.76,Headphones
564,564,2024-01-27,645.29,Charger
565,565,2025-08-06,971.38,Laptop
566,566,2025-07-07,788.93,Headphones
567,567,2023-05-14,988.93,Charger
568,568,2025-12-06,213.15,Speaker
569,569,2024-12-14,215.09,Headphones
570,570,2025-07-14,814.92,Headphones
571,571,2025-03-03,335.27,Tablet
572,572,2024-05-09,790.76,Charger
573,573,2025-04-01,12.81,Tablet
574,574,2025-12-11,987.65,Speaker
575,575,2023-11-10,258.15,Tablet
576,576,2025-06-21,118.83,Laptop
577,577,2024-08-30,140.49,Keyboard
578,578,2024-07-01,792.08,Headphones
579,579,2024-05-09,592.96,Laptop
580,580,2025-03-29,182.5,Laptop
581,581,2023-11-08,135.49,Mouse
582,582,2025-08-08,530.82,Phone
583,583,2025-07-16,481.48,Keyboard
584,584,2023-04-23,518.11,Phone
585,585,2025-09-10,457.49,Headphones
586,586,2023-10-13,945.96,Laptop
587,587,2024-06-10,729.97,Speaker
588,588,2024-11-17,308.61,Laptop
589,589,2024-03-08,70.22,Webcam
590,590,2023-02-19,848.83,Mouse
591,591,2025-08-07,689.24,Webcam
592,592,2023-08-06,715.28,Webcam
593,593,2023-09-08,82.76,Phone
594,594,2025-06-10,328.89,Tablet
595,595,2024-01-26,75.03,Monitor
596,596,2025-09-08,628.07,Charger
597,597,2025-02-24,552.87,Keyboard
598,598,2023-11-17,387.1,Charger
599,599,2023-01-30,535.25,Webcam
600,600,2025-11-22,510.5,Mouse
601,601,2023-04-22,108.19,Phone
602,602,2025-03-17,854.26,Speaker
603,603,2024-07-06,723.63,Headphones
604,604,2025-04-28,435.77,Headphones
605,605,2025-02-13,419.68,Webcam
606,606,2024-12-26,404.74,Phone
607,607,2024-07-09,319.42,Keyboard
608,608,2025-06-05,668.46,Keyboard
609,609,2023-04-30,954.06,Webcam
610,610,2023-09-18,76.46,Phone
611,611,2025-02-14,102.3,Phone
612,612,2023-12-20,747.14,Keyboard
613,613,2024-10-16,813.65,Speaker
614,614,2024-06-20,69.38,Speaker
615,615,2024-08-22,566.07,Phone
616,616,2024-04-28,416.7,Mouse
617,617,2025-04-14,869.41,Laptop
618,618,2024-01-16,968.71,Charger
619,619,2025-02-26,319.32,Phone
620,620,2023-11-11,582.14,Headphones
621,621,2023-10-21,163.18,Webcam
622,622,2023-05-31,232.0,Phone
623,623,2023-08-17,356.61,Speaker
624,624,2023-05-29,373.89,Monitor
625,625,2024-08-27,578.36,Mouse
626,626,2025-05-02,846.7,Charger
627,627,2023-08-09,617.44,Speaker
628,628,2023-09-12,35.99,Monitor
629,629,2024-07-02,38.66,Monitor
630,630,2025-03-22,705.67,Monitor
631,631,2025-12-23,922.32,Keyboard
632,632,2024-08-15,16.04,Tablet
633,633,2023-11-24,570.66,Mouse
634,634,2023-05-09,78.89,Laptop
635,635,2023-08-19,100.84,Speaker
636,636,2023-09-25,222.98,Mouse
637,637,2023-08-03,459.11,Tablet
638,638,2023-02-03,376.35,Keyboard
639,639,2024-08-25,779.07,Charger
640,640,2023-11-15,600.26,Laptop
641,641,2025-12-20,164.02,Charger
642,642,2024-09-15,59.26,Phone
643,643,2025-02-20,279.38,Mouse
644,644,2023-06-06,490.81,Webcam
645,645,2025-08-26,420.04,Headphones
646,646,2024-07-09,757.39,Phone
647,647,2025-08-31,351.72,Phone
648,648,2024-10-08,290.41,Charger
649,649,2024-06-15,491.77,Monitor
650,650,2024-05-15,54.96,Mouse
651,651,2023-08-08,984.6,Laptop
652,652,2023-03-16,17.61,Monitor
653,653,2025-11-14,945.87,Tablet
654,654,2024-06-25,766.52,Monitor
655,655,2025-07-07,334.84,Laptop
656,656,2024-04-01,502.41,Mouse
657,657,2023-04-10,183.94,Mouse
658,658,2024-12-08,537.26,Headphones
659,659,2023-03-18,505.26,Keyboard
660,660,2023-07-01,81.35,Laptop
661,661,2024-09-26,441.86,Webcam
662,662,2023-12-17,921.95,Keyboard
663,663,2026-01-11,580.0,Charger
664,664,2023-05-28,410.38,Mouse
665,665,2025-05-05,296.62,Mouse
666,666,2024-11-12,30.65,Keyboard
667,667,2025-06-02,180.15,Charger
668,668,2023-09-23,465.5,Keyboard
669,669,2024-08-13,97.25,Phone
670,670,2024-05-26,250.88,Charger
671,671,2024-05-17,406.45,Phone
672,672,2025-08-17,401.81,Monitor
673,673,2026-01-07,748.35,Headphones
674,674,2023-12-19,339.74,Tablet
675,675,2024-11-29,85.62,Phone
676,676,2024-11-16,535.3,Headphones
677,677,2025-04-08,906.86,Keyboard
678,678,2025-11-21,357.59,Tablet
679,679,2023-09-03,243.91,Tablet
680,680,2023-09-07,263.41,Tablet
681,681,2025-01-11,606.37,Phone
682,682,2023-07-09,185.37,Webcam
683,683,2023-07-28,469.31,Charger
684,684,2023-04-11,762.28,Webcam
685,685,2023-01-21,684.32,Charger
686,686,2024-05-26,646.56,Charger
687,687,2024-10-30,329.98,Keyboard
688,688,2023-12-03,159.45,Phone
689,689,2023-09-29,474.23,Monitor
690,690,2025-03-03,798.37,Charger
691,691,2025-02-26,65.61,Speaker
692,692,2024-05-30,83.45,Webcam
693,693,2025-02-09,457.39,Laptop
694,694,2025-10-26,375.05,Monitor
695,695,2025-05-30,85.96,Phone
696,696,2024-12-03,618.86,Speaker
697,697,2025-01-11,390.64,Charger
698,698,2025-11-06,558.77,Laptop
699,699,2024-04-28,455.24,Charger
700,700,2024-09-06,655.32,Keyboard
701,701,2024-12-28,608.96,Speaker
702,702,2025-10-09,159.35,Laptop
703,703,2025-07-12,456.02,Keyboard
704,704,2023-04-07,982.56,Phone
705,705,2023-07-19,509.5,Tablet
706,706,2023-12-21,48.75,Webcam
707,707,2025-04-18,991.08,Speaker
708,708,2024-10-03,527.52,Tablet
709,709,2023-12-01,370.26,Monitor
710,710,2023-06-04,393.54,Keyboard
711,711,2025-02-11,682.11,Laptop
712,712,2025-02-23,791.33,Keyboard
713,713,2025-11-16,75.25,Phone
714,714,2024-07-20,562.38,Mouse
715,715,2024-07-12,291.31,Charger
716,716,2023-04-17,874.55,Keyboard
717,717,2023-03-03,90.69,Tablet
718,718,2024-05-06,917.58,Monitor
719,719,2024-01-06,968.02,Mouse
720,720,2023-10-20,137.66,Phone
721,721,2023-04-29,316.49,Mouse
722,722,2025-12-07,647.06,Keyboard
723,723,2025-07-22,815.05,Speaker
724,724,2024-10-09,102.52,Mouse
725,725,2025-11-25,513.4,Laptop
726,726,2026-01-17,368.97,Tablet
727,727,2025-01-24,951.66,Keyboard
728,728,2023-11-10,948.19,Webcam
729,729,2023-03-04,200.09,Tablet
730,730,2025-04-26,163.4,Monitor
731,731,2024-06-17,845.98,Phone
732,732,2025-01-01,512.61,Speaker
733,733,2025-10-18,836.77,Speaker
734,734,2023-08-05,47.37,Keyboard
735,735,2024-10-20,877.63,Charger
736,736,2024-12-14,139.74,Mouse
737,737,2024-07-10,162.71,Tablet
738,738,2023-04-28,833.03,Charger
739,739,2024-02-04,810.95,Tablet
740,740,2024-01-18,723.97,Laptop
741,741,2025-01-21,416.75,Headphones
742,742,2025-08-15,969.89,Charger
743,743,2024-01-15,292.08,Webcam
744,744,2025-02-16,241.66,Headphones
745,745,2023-11-30,316.37,Webcam
746,746,2025-11-18,904.93,Headphones
747,747,2025-06-27,374.16,Charger
748,748,2024-09-12,984.6,Webcam
749,749,2024-05-31,771.74,Mouse
750,750,2023-12-29,507.88,Mouse
751,751,2024-01-07,966.61,Headphones
752,752,2025-12-16,803.25,Tablet
753,753,2024-04-05,874.27,Laptop
754,754,2024-08-04,644.77,Keyboard
755,755,2026-01-04,559.0,Phone
756,756,2025-01-08,714.29,Speaker
757,757,2024-09-04,852.65,Monitor
758,758,2024-04-15,93.04,Tablet
759,759,2023-08-12,280.06,Speaker
760,760,2024-02-19,155.88,Mouse
761,761,2025-04-26,100.8,Headphones
762,762,2024-12-03,818.54,Keyboard
763,763,2025-04-30,931.17,Mouse
764,764,2023-08-29,62.72,Speaker
765,765,2024-09-11,380.22,Mouse
766,766,2025-10-30,994.58,Keyboard
767,767,2024-05-12,232.29,Keyboard
768,768,2025-02-21,931.52,Keyboard
769,769,2023-05-31,793.47,Tablet
770,770,2025-12-19,47.92,Webcam
771,771,2024-11-15,699.11,Tablet
772,772,2023-10-08,761.25,Webcam
773,773,2023-07-11,454.12,Laptop
774,774,2024-09-13,906.8,Laptop
775,775,2024-09-14,263.36,Tablet
776,776,2023-05-01,553.32,Charger
777,777,2026-01-09,532.49,Phone
778,778,2025-10-14,778.41,Headphones
779,779,2024-06-07,308.14,Laptop
780,780,2023-05-27,246.06,Charger
781,781,2025-07-18,462.54,Phone
782,782,2024-07-17,838.32,Webcam
783,783,2025-03-13,600.77,Laptop
784,784,2024-07-29,635.64,Charger
785,785,2023-11-14,249.52,Tablet
786,786,2025-07-21,298.36,Laptop
787,787,2025-12-27,618.66,Headphones
788,788,2023-10-12,574.96,Tablet
789,789,2024-09-13,667.73,Phone
790,790,2024-03-14,528.25,Keyboard
791,791,2025-10-24,77.0,Speaker
792,792,2024-07-28,548.64,Speaker
793,793,2025-09-07,558.61,Mouse
794,794,2025-08-22,874.6,Laptop
795,795,2023-11-17,639.31,Keyboard
796,796,2025-06-02,261.11,Laptop
797,797,2024-04-17,363.52,Phone
798,798,2025-11-07,351.35,Phone
799,799,2024-07-27,773.79,Keyboard
800,800,2025-07-05,142.08,Keyboard
801,801,2023-11-24,550.55,Tablet
802,802,2023-12-11,832.08,Webcam
803,803,2024-10-22,981.01,Webcam
804,804,2026-01-16,635.42,Tablet
805,805,2024-07-08,72.47,Webcam
806,806,2023-06-30,46.61,Headphones
807,807,2024-08-30,53.37,Headphones
808,808,2024-01-31,886.93,Keyboard
809,809,2024-09-14,934.04,Speaker
810,810,2024-09-05,404.24,Speaker
811,811,2024-05-31,478.67,Laptop
812,812,2024-01-06,755.76,Headphones
813,813,2023-08-13,293.25,Laptop
814,814,2025-02-20,867.14,Keyboard
815,815,2024-10-06,280.48,Keyboard
816,816,2023-10-01,442.58,Mouse
817,817,2025-05-17,745.87,Mouse
818,818,2023-03-07,345.65,Tablet
819,819,2025-04-13,501.24,Webcam
820,820,2025-03-01,373.67,Speaker
821,821,2025-06-25,274.05,Phone
822,822,2024-03-16,729.81,Phone
823,823,2025-01-14,436.3,Tablet
824,824,2025-07-05,550.02,Keyboard
825,825,2025-12-27,111.57,Keyboard
826,826,2024-07-14,664.31,Monitor
827,827,2023-02-28,451.46,Mouse
828,828,2024-07-22,174.98,Webcam
829,829,2024-10-26,358.03,Laptop
830,830,2025-08-28,729.55,Keyboard
831,831,2025-09-02,618.7,Mouse
832,832,2024-05-15,281.81,Laptop
833,833,2024-08-16,84.29,Mouse
834,834,2024-06-02,369.68,Tablet
835,835,2025-03-20,953.26,Tablet
836,836,2024-04-11,850.18,Webcam
837,837,2025-01-04,44.45,Phone
838,838,2023-07-07,243.64,Keyboard
839,839,2024-06-16,368.53,Charger
840,840,2025-12-15,42.06,Tablet
841,841,2024-01-24,682.27,Keyboard
842,842,2025-02-15,378.29,Phone
843,843,2024-12-30,578.18,Speaker
844,844,2025-08-08,373.28,Keyboard
845,845,2025-08-09,653.07,Headphones
846,846,2025-08-16,960.91,Laptop
847,847,2024-03-10,738.32,Webcam
848,848,2023-12-31,522.57,Speaker
849,849,2025-03-15,126.58,Monitor
850,850,2025-04-29,707.0,Headphones
851,851,2025-08-31,996.4,Monitor
852,852,2023-02-27,697.04,Webcam
853,853,2023-04-03,208.18,Tablet
854,854,2024-12-10,854.3,Webcam
855,855,2025-10-23,180.93,Webcam
856,856,2026-01-15,997.29,Keyboard
857,857,2025-04-15,671.16,Phone
858,858,2024-05-08,554.5,Monitor
859,859,2023-05-06,892.42,Tablet
860,860,2024-12-12,714.69,Tablet
861,861,2025-08-31,795.76,Speaker
862,862,2024-05-18,232.0,Headphones
863,863,2025-02-16,794.15,Headphones
864,864,2025-10-04,792.47,Laptop
865,865,2023-03-10,367.29,Charger
866,866,2025-06-08,375.22,Speaker
867,867,2023-12-06,138.47,Phone
868,868,2024-03-04,75.09,Mouse
869,869,2023-06-27,999.6,Webcam
870,870,2024-08-22,530.44,Mouse
871,871,2024-09-29,825.11,Phone
872,872,2025-06-04,134.07,Keyboard
873,873,2023-07-24,645.92,Webcam
874,874,2023-04-15,471.17,Speaker
875,875,2025-08-29,351.07,Speaker
876,876,2024-11-27,643.4,Tablet
877,877,2023-10-09,770.1,Tablet
878,878,2025-10-14,438.29,Laptop
879,879,2023-06-24,833.08,Speaker
880,880,2024-06-06,161.49,Tablet
881,881,2023-10-24,170.35,Headphones
882,882,2023-10-25,352.56,Speaker
883,883,2023-01-29,895.98,Phone
884,884,2025-06-18,258.1,Speaker
885,885,2025-10-01,281.71,Monitor
886,886,2025-01-29,618.28,Phone
887,887,2023-07-10,507.55,Tablet
888,888,2024-05-16,595.89,Charger
889,889,2024-02-01,162.65,Charger
890,890,2024-10-23,723.43,Charger
891,891,2024-12-18,344.24,Charger
892,892,2024-04-27,50.78,Laptop
893,893,2023-10-19,90.41,Charger
894,894,2025-08-01,272.01,Headphones
895,895,2023-08-25,769.29,Mouse
896,896,2024-03-15,621.93,Laptop
897,897,2024-07-01,503.06,Speaker
898,898,2023-10-05,296.77,Monitor
899,899,2024-10-06,488.12,Mouse
900,900,2024-10-09,304.46,Phone
901,901,2026-01-09,691.73,Tablet
902,902,2023-12-08,445.21,Webcam
903,903,2025-12-24,469.8,Keyboard
904,904,2025-01-08,610.59,Keyboard
905,905,2023-11-15,862.87,Keyboard
906,906,2024-09-29,736.86,Keyboard
907,907,2025-02-07,975.62,Tablet
908,908,2025-04-13,763.06,Speaker
909,909,2023-03-13,566.03,Keyboard
910,910,2024-11-13,249.32,Phone
911,911,2024-07-15,274.8,Headphones
912,912,2025-10-05,149.47,Laptop
913,913,2023-11-28,297.31,Mouse
914,914,2025-06-11,865.52,Mouse
915,915,2024-11-13,255.79,Tablet
916,916,2024-02-08,815.34,Charger
917,917,2024-12-16,723.92,Headphones
918,918,2024-11-28,765.49,Webcam
919,919,2025-01-30,996.01,Webcam
920,920,2025-03-18,503.77,Monitor
921,921,2025-01-09,502.4,Phone
922,922,2025-07-24,945.78,Speaker
923,923,2024-12-06,462.66,Headphones
924,924,2025-10-04,222.99,Keyboard
925,925,2024-12-26,58.17,Monitor
926,926,2023-12-23,499.95,Webcam
927,927,2024-05-15,292.89,Laptop
928,928,2024-10-14,848.7,Mouse
929,929,2025-03-30,142.6,Monitor
930,930,2023-04-27,730.23,Mouse
931,931,2023-12-08,372.28,Mouse
932,932,2025-04-16,60.65,Speaker
933,933,2023-07-30,202.71,Speaker
934,934,2023-06-12,295.72,Mouse
935,935,2024-08-31,509.21,Speaker
936,936,2025-12-17,286.92,Charger
937,937,2024-08-22,683.59,Phone
938,938,2025-10-15,137.38,Phone
939,939,2025-07-16,399.96,Keyboard
940,940,2023-10-27,562.25,Keyboard
941,941,2025-07-10,757.42,Headphones
942,942,2024-06-29,606.44,Mouse
943,943,2025-06-20,505.08,Laptop
944,944,2025-04-15,48.52,Keyboard
945,945,2024-01-24,805.93,Speaker
946,946,2023-05-25,462.42,Charger
947,947,2025-12-08,894.2,Tablet
948,948,2023-06-22,334.69,Charger
949,949,2025-12-12,325.34,Mouse
950,950,2025-08-17,990.71,Monitor
951,951,2025-03-22,597.79,Speaker
952,952,2025-12-27,830.01,Speaker
953,953,2025-12-13,494.95,Charger
954,954,2025-06-18,306.79,Laptop
955,955,2024-02-23,374.67,Phone
956,956,2025-06-02,980.1,Charger
957,957,2023-02-03,314.6,Laptop
958,958,2024-08-28,600.94,Monitor
959,959,2024-05-30,967.4,Charger
960,960,2025-01-24,581.86,Laptop
961,961,2025-01-24,587.69,Tablet
962,962,2024-10-20,528.99,Charger
963,963,2025-07-07,776.86,Mouse
964,964,2025-11-13,156.3,Headphones
965,965,2023-05-17,41.25,Phone
966,966,2023-10-02,198.88,Webcam
967,967,2023-02-15,320.56,Tablet
968,968,2025-09-13,418.83,Headphones
969,969,2024-09-24,416.27,Charger
970,970,2025-10-17,921.32,Laptop
971,971,2023-09-18,708.72,Speaker
972,972,2023-03-29,215.27,Keyboard
973,973,2025-07-09,998.14,Webcam
974,974,2025-10-10,530.22,Keyboard
975,975,2023-12-15,957.12,Webcam
976,976,2024-04-10,913.0,Keyboard
977,977,2023-06-21,550.81,Monitor
978,978,2025-11-20,613.98,Headphones
979,979,2023-12-18,957.76,Monitor
980,980,2024-07-11,562.51,Headphones
981,981,2023-05-05,942.07,Monitor
982,982,2025-09-16,773.46,Headphones
983,983,2023-06-16,693.34,Webcam
984,984,2024-05-29,323.87,Keyboard
985,985,2025-01-22,564.88,Monitor
986,986,2025-04-11,294.91,Charger
987,987,2025-11-19,679.86,Mouse
988,988,2024-04-21,896.8,Mouse
989,989,2025-04-10,820.19,Tablet
990,990,2023-07-07,297.55,Monitor
991,991,2024-04-17,955.76,Phone
992,992,2023-05-07,352.9,Webcam
993,993,2024-07-07,659.41,Webcam
994,994,2024-04-09,221.85,Speaker
995,995,2025-11-25,278.42,Speaker
996,996,2023-02-23,699.21,Tablet
997,997,2024-02-28,118.13,Charger
998,998,2024-05-18,246.89,Laptop
999,999,2025-11-24,673.14,Speaker
1000,1000,2025-08-12,233.41,Headphones
1001,1001,2023-05-07,61.97,Mouse
1002,1002,2025-02-07,336.99,Webcam
1003,1003,2024-09-06,109.54,Tablet
1004,1004,2025-12-24,15.13,Speaker
1005,1005,2024-02-15,978.13,Tablet
1006,1006,2024-03-29,412.84,Webcam
1007,1007,2023-08-14,482.67,Headphones
1008,1008,2023-06-01,758.35,Monitor
1009,1009,2025-08-04,327.96,Laptop
1010,1010,2024-05-30,908.86,Phone
1011,1011,2025-01-13,655.78,Headphones
1012,1012,2024-12-21,539.8,Laptop
1013,1013,2024-11-02,914.1,Tablet
1014,1014,2023-02-11,423.71,Tablet
1015,1015,2025-05-29,934.58,Laptop
1016,1016,2023-10-12,997.2,Mouse
1017,1017,2023-06-05,790.08,Tablet
1018,1018,2024-09-28,937.24,Monitor
1019,1019,2023-04-04,877.98,Laptop
1020,1020,2025-05-05,305.41,Charger
1021,1021,2023-09-02,116.23,Keyboard
1022,1022,2023-09-12,291.72,Speaker
1023,1023,2025-08-28,529.08,Tablet
1024,1024,2024-01-13,852.55,Webcam
1025,1025,2023-06-29,280.11,Phone
1026,1026,2025-10-01,337.38,Webcam
1027,1027,2023-01-22,651.8,Tablet
1028,1028,2025-08-15,23.94,Keyboard
1029,1029,2023-06-26,792.86,Charger
1030,1030,2023-06-10,677.66,Headphones
1031,1031,2023-10-20,183.74,Mouse
1032,1032,2023-07-29,828.72,Speaker
1033,1033,2025-01-11,334.65,Mouse
1034,1034,2023-02-16,672.56,Tablet
1035,1035,2023-02-04,981.87,Webcam
1036,1036,2025-06-02,330.37,Headphones
1037,1037,2023-10-06,16.76,Mouse
1038,1038,2024-01-08,243.17,Monitor
1039,1039,2023-07-28,954.49,Monitor
1040,1040,2023-03-17,586.64,Charger
1041,1041,2025-04-10,21.32,Keyboard
1042,1042,2024-08-17,695.84,Laptop
1043,1043,2025-04-14,671.11,Webcam
1044,1044,2024-06-23,313.74,Mouse
1045,1045,2025-05-19,689.21,Monitor
1046,1046,2024-08-02,693.39,Monitor
1047,1047,2023-05-18,373.87,Headphones
1048,1048,2024-07-23,226.94,Tablet
1049,1049,2025-11-19,483.4,Webcam
1050,1050,2023-03-07,750.26,Charger
1051,1051,2025-05-25,379.89,Speaker
1052,1052,2025-08-25,913.67,Speaker
1053,1053,2024-08-11,803.98,Headphones
1054,1054,2024-06-03,764.24,Charger
1055,1055,2025-12-09,874.4,Phone
1056,1056,2023-03-26,530.25,Speaker
1057,1057,2024-06-26,706.73,Phone
1058,1058,2024-04-02,918.07,Phone
1059,1059,2025-02-08,71.14,Speaker
1060,1060,2024-07-08,903.86,Headphones
1061,1061,2025-10-11,576.97,Tablet
1062,1062,2023-04-09,172.89,Speaker
1063,1063,2023-04-17,447.42,Headphones
1064,1064,2024-11-15,719.75,Webcam
1065,1065,2023-03-31,100.03,Speaker
1066,1066,2023-11-16,451.03,Laptop
1067,1067,2024-12-12,458.9,Speaker
1068,1068,2024-09-10,421.27,Charger
1069,1069,2024-01-10,67.16,Webcam
1070,1070,2026-01-12,676.04,Monitor
1071,1071,2024-08-21,726.05,Mouse
1072,1072,2024-05-29,261.91,Laptop
1073,1073,2024-11-11,748.35,Charger
1074,1074,2023-05-07,82.3,Mouse
1075,1075,2025-02-25,351.08,Phone
1076,1076,2025-08-09,545.75,Laptop
1077,1077,2024-12-31,935.24,Phone
1078,1078,2025-05-10,986.28,Webcam
1079,1079,2025-03-18,41.42,Mouse
1080,1080,2023-09-11,188.18,Tablet
1081,1081,2024-05-27,768.17,Mouse
1082,1082,2023-09-26,380.72,Mouse
1083,1083,2024-01-25,454.05,Mouse
1084,1084,2024-05-29,381.89,Speaker
1085,1085,2024-04-18,141.66,Keyboard
1086,1086,2023-05-03,127.45,Speaker
1087,1087,2024-04-30,399.13,Tablet
1088,1088,2025-01-16,730.58,Headphones
1089,1089,2024-03-03,836.47,Laptop
1090,1090,2023-07-05,978.71,Webcam
1091,1091,2025-10-25,676.76,Speaker
1092,1092,2023-04-02,429.89,Mouse
1093,1093,2025-07-17,825.13,Headphones
1094,1094,2023-05-01,466.02,Tablet
1095,1095,2023-05-04,282.89,Phone
1096,1096,2025-04-06,41.9,Mouse
1097,1097,2025-06-25,618.77,Laptop
1098,1098,2024-09-19,248.26,Phone
1099,1099,2024-10-22,109.89,Laptop
1100,1100,2024-09-24,451.98,Laptop
1101,1101,2024-01-14,252.29,Laptop
1102,1102,2023-06-01,408.24,Headphones
1103,1103,2024-02-10,544.36,Laptop
1104,1104,2025-01-16,148.73,Monitor
1105,1105,2025-04-19,241.82,Charger
1106,1106,2025-08-26,325.71,Charger
1107,1107,2025-03-18,774.81,Keyboard
1108,1108,2025-12-14,244.53,Tablet
1109,1109,2024-11-06,985.84,Speaker
1110,1110,2024-02-08,228.83,Monitor
1111,1111,2024-10-12,282.4,Speaker
1112,1112,2023-09-08,949.04,Tablet
1113,1113,2025-01-07,629.73,Mouse
1114,1114,2023-09-21,560.29,Laptop
1115,1115,2023-05-17,972.57,Mouse
1116,1116,2025-08-01,787.95,Keyboard
1117,1117,2024-02-25,699.35,Mouse
1118,1118,2025-05-03,157.73,Mouse
1119,1119,2024-10-08,192.04,Speaker
1120,1120,2025-06-20,478.78,Headphones
1121,1121,2025-08-01,307.73,Tablet
1122,1122,2025-12-21,807.72,Laptop
1123,1123,2025-07-03,566.76,Mouse
1124,1124,2024-11-20,561.71,Tablet
1125,1125,2024-12-22,394.53,Monitor
1126,1126,2023-02-16,211.3,Phone
1127,1127,2025-11-01,923.0,Keyboard
1128,1128,2025-07-15,101.54,Headphones
1129,1129,2023-11-07,61.02,Mouse
1130,1130,2023-08-04,676.94,Charger
1131,1131,2025-02-26,49.15,Phone
1132,1132,2023-12-23,196.28,Charger
1133,1133,2024-01-26,727.06,Speaker
1134,1134,2023-01-25,224.85,Headphones
1135,1135,2025-08-28,870.78,Keyboard
1136,1136,2024-09-30,310.16,Laptop
1137,1137,2024-04-01,219.69,Headphones
1138,1138,2023-06-23,962.46,Phone
1139,1139,2024-12-12,749.41,Webcam
1140,1140,2023-02-21,915.3,Charger
1141,1141,2025-04-14,706.73,Mouse
1142,1142,2023-09-11,915.98,Speaker
1143,1143,2024-04-22,328.4,Monitor
1144,1144,2024-01-27,386.86,Speaker
1145,1145,2024-02-28,652.23,Monitor
1146,1146,2025-03-19,268.95,Speaker
1147,1147,2025-05-18,883.98,Webcam
1148,1148,2024-10-01,107.62,Webcam
1149,1149,2023-04-22,764.01,Keyboard
1150,1150,2023-03-17,915.19,Keyboard
1151,1151,2023-07-10,319.79,Laptop
1152,1152,2024-11-25,566.9,Headphones
1153,1153,2025-01-25,743.84,Laptop
1154,1154,2023-11-12,268.17,Charger
1155,1155,2025-01-12,583.35,Mouse
1156,1156,2024-07-03,302.24,Headphones
1157,1157,2024-05-17,336.57,Mouse
1158,1158,2023-11-14,574.09,Headphones
1159,1159,2025-04-24,504.31,Keyboard
1160,1160,2023-05-23,264.75,Webcam
1161,1161,2024-05-03,966.84,Webcam
1162,1162,2023-11-25,466.22,Keyboard
1163,1163,2025-01-30,177.57,Speaker
1164,1164,2024-07-04,493.43,Speaker
1165,1165,2025-01-18,990.42,Laptop
1166,1166,2023-03-09,528.7,Phone
1167,1167,2024-03-26,945.74,Laptop
1168,1168,2024-11-05,766.7,Mouse
1169,1169,2023-01-27,146.12,Headphones
1170,1170,2023-12-15,77.29,Tablet
1171,1171,2023-09-07,19.05,Speaker
1172,1172,2023-06-18,461.45,Laptop
1173,1173,2023-10-25,621.66,Charger
1174,1174,2024-01-13,913.62,Webcam
1175,1175,2023-01-27,25.57,Speaker
1176,1176,2025-04-15,556.13,Laptop
1177,1177,2023-07-30,26.56,Monitor
1178,1178,2024-03-10,540.38,Monitor
1179,1179,2025-02-27,26.97,Mouse
1180,1180,2024-07-19,808.11,Tablet
1181,1181,2025-07-19,115.95,Phone
1182,1182,2025-06-19,529.14,Headphones
1183,1183,2023-04-07,200.01,Speaker
1184,1184,2025-08-19,259.89,Keyboard
1185,1185,2023-03-06,274.65,Mouse
1186,1186,2023-02-08,88.23,Mouse
1187,1187,2025-10-23,464.41,Headphones
1188,1188,2025-08-20,990.33,Headphones
1189,1189,2024-10-10,306.97,Phone
1190,1190,2024-10-07,657.2,Laptop
1191,1191,2025-03-05,102.57,Mouse
1192,1192,2024-04-20,383.4,Webcam
1193,1193,2023-05-25,65.55,Laptop
1194,1194,2023-02-10,705.82,Phone
1195,1195,2024-01-09,504.86,Mouse
1196,1196,2025-06-14,648.46,Keyboard
1197,1197,2024-11-25,570.2,Phone
1198,1198,2025-07-18,895.84,Laptop
1199,1199,2025-10-22,237.47,Charger
1200,1200,2023-04-25,480.75,Laptop
1201,1201,2025-07-31,924.92,Monitor
1202,1202,2023-10-12,900.32,Charger
1203,1203,2024-10-24,661.53,Tablet
1204,1204,2024-08-14,929.48,Keyboard
1205,1205,2024-03-27,25.5,Headphones
1206,1206,2023-12-24,591.17,Mouse
1207,1207,2024-01-25,929.59,Monitor
1208,1208,2024-01-18,170.83,Headphones
1209,1209,2023-07-22,571.03,Mouse
1210,1210,2024-07-30,680.26,Speaker
1211,1211,2023-05-23,338.41,Tablet
1212,1212,2024-07-30,792.59,Phone
1213,1213,2025-10-06,505.78,Keyboard
1214,1214,2024-02-05,63.16,Mouse
1215,1215,2025-03-25,239.82,Phone
1216,1216,2025-07-03,347.19,Charger
1217,1217,2025-06-29,955.31,Mouse
1218,1218,2023-10-04,969.23,Keyboard
1219,1219,2023-06-28,39.33,Monitor
1220,1220,2023-08-23,785.71,Webcam
1221,1221,2024-11-08,495.7,Keyboard
1222,1222,2025-04-30,557.51,Mouse
1223,1223,2025-01-05,437.53,Charger
1224,1224,2023-07-31,664.07,Phone
1225,1225,2025-05-14,774.45,Monitor
1226,1226,2024-07-13,800.07,Phone
1227,1227,2025-04-24,91.22,Tablet
1228,1228,2025-04-30,386.2,Tablet
1229,1229,2024-05-24,742.26,Keyboard
1230,1230,2025-10-26,367.09,Phone
1231,1231,2024-09-28,15.14,Monitor
1232,1232,2024-12-14,450.29,Monitor
1233,1233,2024-12-02,111.21,Phone
1234,1234,2025-08-22,195.52,Webcam
1235,1235,2024-12-05,561.42,Speaker
1236,1236,2023-07-03,413.96,Laptop
1237,1237,2023-04-03,98.72,Speaker
1238,1238,2024-05-17,102.13,Charger
1239,1239,2023-12-16,786.59,Mouse
1240,1240,2023-11-15,22.22,Mouse
1241,1241,2023-03-21,393.92,Phone
1242,1242,2024-07-27,727.6,Speaker
1243,1243,2023-12-24,906.16,Headphones
1244,1244,2024-05-27,576.24,Tablet
1245,1245,2023-03-22,688.46,Tablet
1246,1246,2025-07-17,147.45,Monitor
1247,1247,2023-04-13,275.72,Tablet
1248,1248,2025-08-22,72.63,Mouse
1249,1249,2025-08-12,283.2,Monitor
1250,1250,2024-11-22,489.39,Phone
1251,1251,2024-07-27,367.51,Headphones
1252,1252,2024-06-08,723.69,Webcam
1253,1253,2024-09-16,597.87,Headphones
1254,1254,2025-06-04,463.28,Tablet
1255,1255,2025-09-25,311.61,Mouse
1256,1256,2024-05-25,338.9,Charger
1257,1257,2025-06-23,386.09,Keyboard
1258,1258,2025-01-01,445.82,Mouse
1259,1259,2024-01-06,817.32,Charger
1260,1260,2024-06-22,144.76,Keyboard
1261,1261,2023-07-03,607.18,Headphones
1262,1262,2023-03-27,484.22,Tablet
1263,1263,2023-05-12,964.93,Keyboard
1264,1264,2025-09-29,298.53,Webcam
1265,1265,2024-01-30,968.09,Headphones
1266,1266,2025-03-11,332.63,Monitor
1267,1267,2024-07-24,818.33,Mouse
1268,1268,2023-07-26,371.37,Charger
1269,1269,2023-10-17,207.8,Speaker
1270,1270,2024-05-12,188.13,Speaker
1271,1271,2024-05-14,36.65,Webcam
1272,1272,2024-08-13,943.55,Headphones
1273,1273,2023-07-11,444.07,Monitor
1274,1274,2024-03-02,832.97,Phone
1275,1275,2023-11-24,820.78,Mouse
1276,1276,2024-04-10,676.25,Tablet
1277,1277,2024-01-24,637.0,Headphones
1278,1278,2024-11-03,260.15,Tablet
1279,1279,2025-06-01,718.08,Mouse
1280,1280,2024-12-27,83.23,Charger
1281,1281,2023-04-01,484.44,Mouse
1282,1282,2023-05-02,539.02,Mouse
1283,1283,2025-01-30,548.21,Keyboard
1284,1284,2023-11-26,704.62,Speaker
1285,1285,2025-03-21,597.88,Phone
1286,1286,2025-01-06,118.28,Headphones
1287,1287,2025-10-07,661.03,Keyboard
1288,1288,2025-09-01,174.68,Charger
1289,1289,2024-01-19,53.85,Mouse
1290,1290,2024-10-18,967.14,Keyboard
1291,1291,2023-06-22,966.06,Mouse
1292,1292,2024-02-06,114.89,Phone
1293,1293,2025-12-13,266.15,Speaker
1294,1294,2025-02-21,749.38,Speaker
1295,1295,2024-03-23,584.71,Charger
1296,1296,2024-10-31,228.82,Keyboard
1297,1297,2025-11-11,397.22,Charger
1298,1298,2023-12-23,693.53,Tablet
1299,1299,2024-03-06,351.52,Laptop
1300,1300,2025-06-03,487.94,Monitor
1301,1301,2025-06-27,421.82,Phone
1302,1302,2025-01-21,124.91,Tablet
1303,1303,2025-07-14,354.85,Keyboard
1304,1304,2025-04-06,460.78,Headphones
1305,1305,2025-02-07,525.9,Keyboard
1306,1306,2024-08-17,481.4,Webcam
1307,1307,2024-12-26,724.77,Webcam
1308,1308,2024-04-26,325.72,Monitor
1309,1309,2024-02-19,54.24,Phone
1310,1310,2024-02-20,32.36,Keyboard
1311,1311,2023-08-04,651.49,Tablet
1312,1312,2023-09-10,930.62,Headphones
1313,1313,2025-11-21,520.83,Speaker
1314,1314,2024-07-04,168.53,Speaker
1315,1315,2023-09-24,432.11,Webcam
1316,1316,2023-06-18,239.54,Mouse
1317,1317,2023-04-13,633.46,Tablet
1318,1318,2025-07-31,644.07,Mouse
1319,1319,2023-05-09,401.63,Charger
1320,1320,2025-05-12,884.27,Webcam
1321,1321,2025-07-21,596.28,Mouse
1322,1322,2025-09-12,14.41,Headphones
1323,1323,2023-03-01,213.73,Phone
1324,1324,2024-01-22,581.57,Speaker
1325,1325,2025-05-07,195.09,Keyboard
1326,1326,2023-06-11,205.1,Phone
1327,1327,2024-03-06,269.73,Webcam
1328,1328,2023-07-15,532.44,Keyboard
1329,1329,2025-07-17,601.0,Charger
1330,1330,2025-05-12,398.62,Phone
1331,1331,2025-06-22,354.45,Webcam
1332,1332,2023-07-19,621.19,Monitor
1333,1333,2024-05-12,919.5,Charger
1334,1334,2024-04-12,93.9,Tablet
1335,1335,2025-01-28,320.05,Headphones
1336,1336,2023-10-06,312.33,Tablet
1337,1337,2024-05-19,379.57,Tablet
1338,1338,2023-11-26,515.72,Mouse
1339,1339,2025-04-17,600.46,Charger
1340,1340,2024-05-24,389.87,Tablet
1341,1341,2024-08-25,491.8,Speaker
1342,1342,2023-12-23,696.5,Tablet
1343,1343,2025-06-22,559.36,Webcam
1344,1344,2024-06-15,295.95,Tablet
1345,1345,2025-07-21,321.43,Webcam
1346,1346,2024-02-25,623.22,Keyboard
1347,1347,2025-11-21,952.32,Webcam
1348,1348,2025-12-31,145.17,Mouse
1349,1349,2024-06-07,964.19,Speaker
1350,1350,2023-11-23,656.54,Mouse
1351,1351,2024-03-12,687.85,Mouse
1352,1352,2024-08-18,713.04,Webcam
1353,1353,2025-12-12,493.81,Phone
1354,1354,2025-07-01,569.74,Headphones
1355,1355,2025-06-14,299.17,Monitor
1356,1356,2023-06-19,232.59,Monitor
1357,1357,2023-10-19,176.53,Webcam
1358,1358,2024-12-21,569.99,Webcam
1359,1359,2025-09-02,554.23,Phone
1360,1360,2024-09-17,576.99,Monitor
1361,1361,2023-05-11,777.36,Keyboard
1362,1362,2025-08-02,546.62,Laptop
1363,1363,2025-08-08,762.4,Webcam
1364,1364,2023-11-27,550.89,Mouse
1365,1365,2025-05-03,111.39,Headphones
1366,1366,2023-11-13,304.73,Laptop
1367,1367,2025-10-06,455.24,Keyboard
1368,1368,2023-06-29,863.58,Phone
1369,1369,2024-05-12,444.68,Phone
1370,1370,2025-11-20,777.88,Headphones
1371,1371,2023-09-19,217.78,Charger
1372,1372,2024-05-26,692.24,Charger
1373,1373,2024-02-05,636.44,Tablet
1374,1374,2023-02-17,619.99,Headphones
1375,1375,2023-03-18,815.39,Laptop
1376,1376,2024-07-21,574.37,Speaker
1377,1377,2023-10-04,288.27,Speaker
1378,1378,2026-01-12,176.69,Monitor
1379,1379,2024-03-04,296.44,Monitor
1380,1380,2023-02-18,952.87,Speaker
1381,1381,2025-11-03,985.63,Phone
1382,1382,2025-07-25,144.23,Mouse
1383,1383,2024-12-30,919.58,Monitor
1384,1384,2025-06-03,868.38,Tablet
1385,1385,2023-06-18,704.41,Tablet
1386,1386,2023-11-29,257.18,Keyboard
1387,1387,2025-07-15,830.2,Mouse
1388,1388,2025-02-19,494.56,Charger
1389,1389,2023-06-19,636.08,Mouse
1390,1390,2025-03-01,381.42,Phone
1391,1391,2024-05-24,637.29,Phone
1392,1392,2023-01-24,408.82,Monitor
1393,1393,2023-04-15,697.76,Keyboard
1394,1394,2023-10-26,460.15,Webcam
1395,1395,2025-07-21,334.02,Laptop
1396,1396,2024-09-10,870.22,Phone
1397,1397,2025-03-25,733.62,Webcam
1398,1398,2024-08-18,638.49,Keyboard
1399,1399,2023-05-20,851.61,Speaker
1400,1400,2023-11-30,403.74,Mouse
1401,1401,2023-12-14,826.6,Webcam
1402,1402,2023-03-12,275.85,Monitor
1403,1403,2024-04-22,344.38,Charger
1404,1404,2025-06-06,139.29,Webcam
1405,1405,2024-06-02,790.42,Laptop
1406,1406,2023-05-20,55.48,Webcam
1407,1407,2025-10-06,26.12,Tablet
1408,1408,2024-11-02,446.87,Laptop
1409,1409,2023-02-05,991.92,Mouse
1410,1410,2024-08-05,210.3,Tablet
1411,1411,2023-10-10,883.33,Monitor
1412,1412,2023-06-25,167.39,Monitor
1413,1413,2024-05-03,102.41,Keyboard
1414,1414,2024-11-22,257.89,Keyboard
1415,1415,2023-10-09,667.86,Tablet
1416,1416,2024-04-19,61.27,Monitor
1417,1417,2025-01-15,728.73,Headphones
1418,1418,2023-04-22,434.94,Phone
1419,1419,2025-12-21,706.66,Laptop
1420,1420,2023-04-03,221.29,Phone
1421,1421,2024-08-17,141.37,Headphones
1422,1422,2024-07-27,524.25,Webcam
1423,1423,2026-01-05,19.19,Keyboard
1424,1424,2024-09-16,818.94,Mouse
1425,1425,2024-03-21,697.09,Webcam
1426,1426,2024-06-16,80.12,Mouse
1427,1427,2024-12-15,98.44,Phone
1428,1428,2025-12-28,112.17,Keyboard
1429,1429,2023-10-23,882.18,Tablet
1430,1430,2023-02-05,388.89,Tablet
1431,1431,2025-05-31,645.16,Tablet
1432,1432,2024-01-31,77.73,Charger
1433,1433,2025-03-31,18.39,Tablet
1434,1434,2024-12-06,445.7,Headphones
1435,1435,2025-05-12,631.8,Tablet
1436,1436,2025-04-03,920.7,Charger
1437,1437,2024-01-18,689.7,Headphones
1438,1438,2023-03-08,95.82,Phone
1439,1439,2024-09-07,148.61,Phone
1440,1440,2025-06-27,593.68,Mouse
1441,1441,2023-07-29,358.02,Mouse
1442,1442,2025-05-21,321.36,Tablet
1443,1443,2024-06-10,255.31,Phone
1444,1444,2025-02-18,255.69,Charger
1445,1445,2024-12-10,604.01,Charger
1446,1446,2025-06-25,292.07,Laptop
1447,1447,2023-03-29,849.41,Monitor
1448,1448,2025-05-17,213.39,Charger
1449,1449,2024-06-03,514.43,Mouse
1450,1450,2023-12-06,302.59,Laptop
1451,1451,2023-03-07,785.96,Headphones
1452,1452,2023-08-25,499.94,Phone
1453,1453,2023-03-05,248.67,Charger
1454,1454,2025-11-06,80.3,Laptop
1455,1455,2024-08-05,987.01,Keyboard
1456,1456,2026-01-06,140.66,Charger
1457,1457,2024-09-04,426.65,Speaker
1458,1458,2023-10-23,686.11,Webcam
1459,1459,2025-04-22,954.91,Phone
1460,1460,2023-08-16,26.52,Phone
1461,1461,2024-02-13,23.66,Headphones
1462,1462,2025-05-23,49.43,Laptop
1463,1463,2025-08-24,949.19,Mouse
1464,1464,2024-01-17,511.54,Speaker
1465,1465,2023-06-04,769.44,Mouse
1466,1466,2024-02-25,704.79,Phone
1467,1467,2025-09-18,644.13,Speaker
1468,1468,2025-04-11,619.89,Monitor
1469,1469,2025-09-24,92.76,Phone
1470,1470,2024-03-17,516.19,Headphones
1471,1471,2025-12-20,974.57,Tablet
1472,1472,2024-07-15,541.03,Mouse
1473,1473,2024-07-16,590.57,Phone
1474,1474,2025-10-27,317.07,Mouse
1475,1475,2024-08-09,732.66,Headphones
1476,1476,2025-06-14,67.33,Phone
1477,1477,2025-03-25,925.38,Phone
1478,1478,2023-04-15,458.84,Charger
1479,1479,2024-11-08,64.48,Tablet
1480,1480,2025-07-07,128.25,Tablet
1481,1481,2024-09-07,704.48,Tablet
1482,1482,2024-01-05,501.45,Keyboard
1483,1483,2023-04-16,527.78,Monitor
1484,1484,2025-01-11,175.29,Tablet
1485,1485,2023-12-20,752.28,Monitor
1486,1486,2024-11-08,735.61,Phone
1487,1487,2024-04-29,773.72,Laptop
1488,1488,2025-02-12,341.66,Mouse
1489,1489,2024-02-07,279.26,Phone
1490,1490,2023-03-06,270.32,Charger
1491,1491,2025-08-28,631.26,Webcam
1492,1492,2024-02-09,460.65,Keyboard
1493,1493,2026-01-15,64.88,Charger
1494,1494,2023-11-15,175.21,Tablet
1495,1495,2025-12-27,262.56,Phone
1496,1496,2025-11-21,895.33,Phone
1497,1497,2023-04-11,236.12,Speaker
1498,1498,2024-12-17,12.54,Laptop
1499,1499,2024-02-20,252.11,Webcam
1500,1500,2025-06-14,370.34,Tablet
